<?xml version="1.0" encoding="UTF-8"?>
<beans xmlns="http://www.springframework.org/schema/beans" xmlns:xsi="http://www.w3.org/2001/XMLSchema-instance" xmlns:context="http://www.springframework.org/schema/context" xmlns:mvc="http://www.springframework.org/schema/mvc"
	xmlns:aop="http://www.springframework.org/schema/aop" xmlns:task="http://www.springframework.org/schema/task"
	xsi:schemaLocation="
	http://www.springframework.org/schema/beans
 	http://www.springframework.org/schema/beans/spring-beans-3.1.xsd
 	http://www.springframework.org/schema/mvc
 	http://www.springframework.org/schema/mvc/spring-mvc-3.1.xsd
 	http://www.springframework.org/schema/context
 	http://www.springframework.org/schema/context/spring-context-3.1.xsd
 	http://www.springframework.org/schema/aop
 	http://www.springframework.org/schema/aop/spring-aop-3.1.xsd
 	http://www.springframework.org/schema/task
	http://www.springframework.org/schema/task/spring-task-3.1.xsd">

	<!-- Place Holder pour utiliser la configuration externe -->
	<context:property-placeholder/>

	<!-- Initialisation du bean utilitaire -->
	<context:component-scan base-package="com.desjardins.fwd.mvc.utils.portail" />
	<!-- Initialisation de la gestion des erreurs -->
	<context:component-scan base-package="com.desjardins.fwd.mvc.utils.portail.erreur.resolver" />
	<!-- Initialisation des bean commun -->
	<context:component-scan base-package="com.desjardins.portailintranet.portail.commun" />
	<!-- Initialisation du controleur -->
	<context:component-scan base-package="com.desjardins.portailintranet.portail.agregateurformulaire.portlet" />

	<!-- Internationalisation I18n -->
<!--	<bean id="messageSource" class="com.desjardins.fwd.mvc.utils.portail.PortletMessageSource">-->
<!--	</bean>-->

	<bean id="viewResolver" class="org.springframework.web.servlet.view.InternalResourceViewResolver">
		<property name="cache" value="true" />
		<property name="viewClass" value="org.springframework.web.servlet.view.JstlView" />
		<property name="prefix" value="/WEB-INF/jsp/" />
		<property name="suffix" value=".jsp" />
	</bean>

	<!-- À décommenter pour mettre en place la validation
	<bean id="validator" class="org.springframework.validation.beanvalidation.LocalValidatorFactoryBean">
		<property name="validationMessageSource" ref="messageSource" />
	</bean>
	<bean class="org.springframework.web.portlet.mvc.annotation.AnnotationMethodHandlerAdapter">
		<property name="webBindingInitializer">
			<bean class="org.springframework.web.bind.support.ConfigurableWebBindingInitializer">
				<property name="validator" ref="validator" />
			</bean>
		</property>
	</bean>
	-->
</beans>
