<?xml version="1.0"?>

<jboss-deployment-structure xmlns="urn:jboss:deployment-structure:1.2">
	<deployment>
		<exclusions>
			<module name="org.apache.cxf"></module>
			<module name="org.apache.xalan"></module>
			<module name="org.apache.xerces"></module>
			<module name="javax.xml.ws.api"></module>
			<module name="javax.mail.api"></module>
			<module name="javax.xml.bind.api"></module>
			<module name="javax.api"></module>
			<module name="javax.xml.soap.api"></module>
			<module name="com.sun.xml.bind"></module>
			<module name="com.sun.xml.messaging.saaj"></module>
			<module name="org.jboss.modules"></module>
			<module name="jboss.api"></module>
		</exclusions>
		<dependencies>
			<module name="com.liferay.portal"></module>
		</dependencies>
	</deployment>
</jboss-deployment-structure>