<?xml version="1.0"?>
<!DOCTYPE liferay-portlet-app PUBLIC "-//Liferay//DTD Portlet Application 7.2.0//EN" "http://www.liferay.com/dtd/liferay-portlet-app_7_2_0.dtd">
<liferay-portlet-app>
	<portlet>
		<portlet-name>portailintranet-agregateurfiltre-portlet</portlet-name>
		<configuration-action-class>
			com.desjardins.portailintranet.portail.agregateurfiltre.portlet.AgregateurFiltrePreferenceControleur
		</configuration-action-class>
		<portlet-data-handler-class>com.desjardins.portailintranet.portail.commun.utils.AgregateurDataHandler</portlet-data-handler-class>
		<instanceable>true</instanceable>
	</portlet>
	<portlet>
		<portlet-name>portailintranet-agregateurFiltreCourtage-portlet</portlet-name>
		<configuration-action-class>
			com.desjardins.portailintranet.portail.agregateurfiltrecourtage.portlet.AgregateurFiltreCourtagePreferenceControleur
		</configuration-action-class>
		<portlet-data-handler-class>com.desjardins.portailintranet.portail.commun.utils.AgregateurDataHandler</portlet-data-handler-class>
		<instanceable>true</instanceable>
	</portlet>
	<portlet>
		<portlet-name>portailintranet-agregateurformulaire-portlet</portlet-name>
		<configuration-action-class>
			com.desjardins.portailintranet.portail.agregateurformulaire.portlet.FormulairePreferencesControleur
		</configuration-action-class>
		<instanceable>true</instanceable>
	</portlet>
</liferay-portlet-app>