<?xml version="1.0"?>
<portlet-app xmlns="http://java.sun.com/xml/ns/portlet/portlet-app_2_0.xsd" xmlns:xsi="http://www.w3.org/2001/XMLSchema-instance"
	xsi:schemaLocation="http://java.sun.com/xml/ns/portlet/portlet-app_2_0.xsd http://java.sun.com/xml/ns/portlet/portlet-app_2_0.xsd"
	version="2.0">
	<portlet>
		<portlet-name>portailintranet-agregateurfiltre-portlet</portlet-name>
		<display-name>portailintranet-agregateurfiltre-portlet</display-name>
		<portlet-class>org.springframework.web.portlet.DispatcherPortlet</portlet-class>
		<init-param>
			<name>contextConfigLocation</name>
			<value>/WEB-INF/spring/portailintranet-agregateurfiltre-portlet.xml</value>
		</init-param>
		<init-param>
			<name>config-jsp</name>
			<value>/WEB-INF/jsp/agregateurfiltre/configuration.jsp</value>
		</init-param>
		<expiration-cache>0</expiration-cache>
		<supports>
			<mime-type>text/html</mime-type>
			<portlet-mode>view</portlet-mode>
		</supports>
		<supported-locale>en</supported-locale>
		<supported-locale>fr</supported-locale>
		<resource-bundle>content.portailintranet-agregateurfiltre-portlet</resource-bundle>
		<portlet-info>
			<title>portailintranet-agregateurfiltre-portlet</title>
			<short-title>portailintranet-agregateurfiltre-portlet</short-title>
			<keywords>portailintranet-agregateurfiltre-portlet</keywords>
		</portlet-info>
	</portlet>
	<portlet>
		<portlet-name>portailintranet-agregateurFiltreCourtage-portlet</portlet-name>
		<display-name>portailintranet-agregateurFiltreCourtage-portlet</display-name>
		<portlet-class>org.springframework.web.portlet.DispatcherPortlet</portlet-class>
		<init-param>
			<name>contextConfigLocation</name>
			<value>/WEB-INF/spring/portailintranet-agregateurfiltrecourtage-portlet.xml</value>
		</init-param>
		<init-param>
			<name>config-jsp</name>
			<value>/WEB-INF/jsp/agregateurfiltreCourtage/configuration.jsp</value>
		</init-param>
		<expiration-cache>0</expiration-cache>
		<supports>
			<mime-type>text/html</mime-type>
			<portlet-mode>view</portlet-mode>
		</supports>
		<supported-locale>en</supported-locale>
		<supported-locale>fr</supported-locale>
		<resource-bundle>content.portailintranet-agregateurfiltrecourtage-portlet</resource-bundle>
		<portlet-info>
			<title>portailintranet-agregateurfiltrecourtage-portlet</title>
			<short-title>portailintranet-agregateurfiltrecourtage-portlet</short-title>
			<keywords>portailintranet-agregateurfiltrecourtage-portlet</keywords>
		</portlet-info>
	</portlet>
	<portlet>
		<portlet-name>portailintranet-agregateurformulaire-portlet</portlet-name>
		<display-name>portailintranet-agregateurformulaire-portlet</display-name>
		<portlet-class>org.springframework.web.portlet.DispatcherPortlet</portlet-class>
		<init-param>
			<name>contextConfigLocation</name>
			<value>/WEB-INF/spring/portailintranet-agregateurformulaire-portlet.xml</value>
		</init-param>
		<init-param>
			<name>config-jsp</name>
			<value>/WEB-INF/jsp/formulaire/configuration.jsp</value>
		</init-param>
		<expiration-cache>0</expiration-cache>
		<supports>
			<mime-type>text/html</mime-type>
			<portlet-mode>view</portlet-mode>
		</supports>
		<supported-locale>en</supported-locale>
		<supported-locale>fr</supported-locale>
		<resource-bundle>content.portailintranet-agregateurformulaire-portlet</resource-bundle>
		<portlet-info>
			<title>portailintranet-agregateurformulaire-portlet</title>
			<short-title>portailintranet-agregateurformulaire-portlet</short-title>
			<keywords>portailintranet-agregateurformulaire-portlet</keywords>
		</portlet-info>
	</portlet>
</portlet-app>